City_ID,City,Country,Lat,Lng,Max Temp,Humidity,Cloudiness,Wind Speed,Current Description
0,Cape Town,ZA,-33.9258,18.4232,66.11,65,75,3.0,broken clouds
1,Paamiut,GL,61.994,-49.6678,24.69,78,88,9.51,overcast clouds
2,Bouca,CF,6.5105,18.2733,78.01,70,95,3.47,overcast clouds
3,Matiari,PK,25.5961,68.4467,84.2,16,99,8.81,overcast clouds
4,Padina,RS,45.1181,20.7272,59.77,94,100,8.75,moderate rain
5,Rikitea,PF,-23.1203,-134.9692,71.65,83,100,8.34,overcast clouds
6,Taoudenni,ML,22.6783,-3.9836,76.24,21,98,6.2,overcast clouds
7,Hermanus,ZA,-34.4187,19.2345,63.9,68,100,9.26,overcast clouds
8,Hilo,US,19.7297,-155.09,74.28,88,20,3.44,light rain
9,Tuktoyaktuk,CA,69.4541,-133.0374,20.88,89,99,15.61,overcast clouds
10,Puerto Ayora,EC,-0.7393,-90.3518,67.8,85,47,7.27,scattered clouds
11,Tres Arroyos,AR,-38.3739,-60.2798,41.22,90,3,5.21,clear sky
12,Lavrentiya,RU,65.5833,-171.0,12.4,83,100,10.58,overcast clouds
13,Yellowknife,CA,62.456,-114.3525,30.29,100,1,6.91,clear sky
14,Waingapu,ID,-9.6567,120.2641,88.5,63,100,9.93,overcast clouds
15,Bluff,NZ,-46.6,168.3333,53.8,68,100,13.09,overcast clouds
16,Tomatlan,MX,19.9333,-105.25,73.38,96,100,3.44,overcast clouds
17,Constitucion,CL,-35.3333,-72.4167,46.58,66,0,5.88,clear sky
18,Port Alfred,ZA,-33.5906,26.891,68.14,74,100,8.63,overcast clouds
19,Pafos,CY,34.7667,32.4167,71.51,43,0,6.91,clear sky
20,Barrow,US,71.2906,-156.7887,15.82,73,1,16.11,clear sky
21,Bilma,NE,18.6853,12.9164,80.56,15,1,6.82,clear sky
22,Faanui,PF,-16.4833,-151.75,79.11,76,26,12.66,light rain
23,Yumen,CN,40.2833,97.2,29.21,34,100,12.46,overcast clouds
24,Kodiak,US,57.79,-152.4072,35.47,73,1,7.11,clear sky
25,Aiquile,BO,-18.2041,-65.1807,60.3,78,100,3.29,overcast clouds
26,Tautira,PF,-17.7333,-149.15,78.82,76,50,11.95,light rain
27,Leningradskiy,RU,69.3833,178.4167,-5.4,96,96,5.77,overcast clouds
28,Albany,US,42.6001,-73.9662,32.72,88,3,3.69,clear sky
29,Kahului,US,20.8947,-156.47,77.85,83,1,16.11,clear sky
30,Busselton,AU,-33.65,115.3333,67.08,46,5,11.79,clear sky
31,Tiksi,RU,71.6872,128.8694,8.85,69,100,26.19,overcast clouds
32,Saint-Pierre,RE,-21.3393,55.4781,83.57,66,0,8.05,clear sky
33,Isangel,VU,-19.55,169.2667,74.79,86,100,13.31,overcast clouds
34,Kyshtovka,RU,56.555,76.6271,26.96,88,14,12.26,few clouds
35,New Norfolk,AU,-42.7826,147.0587,66.9,57,70,1.99,broken clouds
36,Talnakh,RU,69.4865,88.3972,14.36,97,100,4.88,overcast clouds
37,Dikson,RU,73.5069,80.5464,11.8,85,98,16.96,overcast clouds
38,Ust-Omchug,RU,61.15,149.6333,-1.21,97,41,3.98,scattered clouds
39,Bambous Virieux,MU,-20.3428,57.7575,82.65,65,40,10.36,scattered clouds
40,Bredasdorp,ZA,-34.5322,20.0403,63.72,63,100,10.36,overcast clouds
41,Kovdor,RU,67.5662,30.4758,30.92,98,100,6.4,light snow
42,Avera,US,33.194,-82.5271,45.37,73,100,9.04,overcast clouds
43,Vaini,TO,-21.2,-175.2,77.16,100,75,6.91,broken clouds
44,Ushuaia,AR,-54.8,-68.3,38.86,70,75,16.11,broken clouds
45,Tual,ID,-5.6667,132.75,84.38,71,60,4.25,broken clouds
46,Mar Del Plata,AR,-38.0023,-57.5575,56.88,69,90,18.01,light rain
47,Luanda,AO,-8.8368,13.2343,77.05,76,100,5.23,overcast clouds
48,San Miguel De Cauri,PE,-10.1,-76.5833,42.19,91,100,4.38,overcast clouds
49,Lodja,CD,-3.4833,23.4333,77.23,76,85,1.9,overcast clouds
50,Chuy,UY,-33.6971,-53.4616,66.16,91,99,4.16,overcast clouds
51,Dickinson,US,29.4608,-95.0513,56.95,73,90,3.0,overcast clouds
52,Marsabit,KE,2.3284,37.9899,72.82,58,33,18.28,scattered clouds
53,La Ronge,CA,55.1001,-105.2842,28.65,93,1,0.0,clear sky
54,Ribeira Grande,PT,38.5167,-28.7,68.07,92,100,28.34,overcast clouds
55,Dzilam Gonzalez,MX,21.2833,-88.9333,71.17,85,99,2.19,overcast clouds
56,Vila Franca Do Campo,PT,37.7167,-25.4333,68.41,77,100,17.43,overcast clouds
57,Kalmunai,LK,7.4167,81.8167,84.4,69,94,5.86,overcast clouds
58,Klaksvik,FO,62.2266,-6.589,47.32,81,22,24.61,few clouds
59,Terney,RU,45.0503,136.6092,48.58,61,3,4.85,clear sky
60,Quatre Cocos,MU,-20.2078,57.7625,82.51,74,23,9.24,few clouds
61,Susurluk,TR,39.9136,28.1578,70.84,52,8,4.34,clear sky
62,Berlevag,NO,70.8578,29.0864,33.8,69,75,6.91,broken clouds
63,Saint George,US,37.1041,-113.5841,67.35,43,1,5.75,clear sky
64,Ranong,TH,9.9658,98.6348,87.73,62,95,6.55,overcast clouds
65,Qaanaaq,GL,77.484,-69.3632,12.36,65,15,12.66,few clouds
66,Butaritari,KI,3.0707,172.7902,82.18,76,14,13.62,few clouds
67,Jamestown,US,42.097,-79.2353,33.39,98,40,6.91,mist
68,Bengkulu,ID,-3.8004,102.2655,80.85,76,100,8.52,overcast clouds
69,Lenger,KZ,42.183,69.8839,27.84,38,0,4.63,clear sky
70,Hithadhoo,MV,-0.6,73.0833,82.44,75,52,12.88,broken clouds
71,La Baule-Escoublac,FR,47.2922,-2.364,46.99,93,40,5.75,scattered clouds
72,Nokaneng,BW,-19.6667,22.2667,88.97,29,100,9.06,overcast clouds
73,Yulara,AU,-25.2406,130.9889,94.84,26,40,18.41,scattered clouds
74,Kaitong,CN,44.8135,123.15,57.61,36,86,6.31,overcast clouds
75,Syava,RU,58.0146,46.3222,43.68,85,100,9.24,overcast clouds
76,Shimoda,JP,34.6667,138.95,66.56,63,23,5.59,few clouds
77,Nikolskoye,RU,59.7035,30.7861,46.87,92,100,11.41,light rain
78,Merta,IN,26.65,74.0333,81.77,17,100,3.74,overcast clouds
79,Ancud,CL,-41.8697,-73.8203,42.33,91,20,5.61,few clouds
80,Port Augusta,AU,-32.5,137.7667,84.34,14,91,6.49,overcast clouds
81,Brae,GB,60.3964,-1.353,49.91,68,100,20.78,overcast clouds
82,Marsa Matruh,EG,31.3525,27.2453,73.63,69,0,5.82,clear sky
83,Campbellsville,US,37.3434,-85.3419,35.71,55,0,5.23,clear sky
84,Iqaluit,CA,63.7506,-68.5145,15.53,66,40,11.01,scattered clouds
85,Mataura,NZ,-46.1927,168.8643,52.48,66,96,2.48,overcast clouds
86,Ferkessedougou,CI,9.6,-5.2,75.15,76,6,3.4,clear sky
87,Saldanha,ZA,-33.0117,17.9442,62.65,69,100,14.2,overcast clouds
88,Provideniya,RU,64.3833,-173.3,10.67,81,37,9.08,scattered clouds
89,Melo,UY,-32.3667,-54.1833,64.35,94,79,4.18,broken clouds
90,Moreno Valley,US,33.9375,-117.2306,71.76,59,1,3.44,clear sky
91,Atraulia,IN,26.3333,82.95,81.16,40,100,7.31,overcast clouds
92,Khatanga,RU,71.9667,102.5,16.81,87,100,17.63,overcast clouds
93,Marfino,RU,55.7028,37.3822,50.14,89,75,8.95,light rain
94,Hobart,AU,-42.8794,147.3294,67.26,73,20,1.01,few clouds
95,Bubaque,GW,11.2833,-15.8333,82.56,74,100,6.62,overcast clouds
96,Araouane,ML,18.9048,-3.5265,79.97,19,4,7.7,clear sky
97,Punta Arenas,CL,-53.15,-70.9167,41.11,70,0,14.97,clear sky
98,Zhangjiakou,CN,40.81,114.8794,56.62,41,6,7.92,clear sky
99,Atuona,PF,-9.8,-139.0333,78.51,67,29,14.29,scattered clouds
100,Scottsbluff,US,41.8666,-103.6672,57.78,53,1,4.0,clear sky
101,Castro,BR,-24.7911,-50.0119,61.0,92,99,1.57,overcast clouds
102,Manoel Urbano,BR,-8.8389,-69.2597,72.66,93,100,2.35,light rain
103,Ostrovnoy,RU,68.0531,39.5131,34.74,83,100,9.93,overcast clouds
104,Port Elizabeth,ZA,-33.918,25.5701,68.29,60,0,11.5,clear sky
105,Charagua,BO,-19.8,-63.2167,69.85,82,96,2.84,overcast clouds
106,Port Hedland,AU,-20.3167,118.5667,93.25,31,75,19.57,broken clouds
107,Hobyo,SO,5.3505,48.5268,83.41,62,38,4.34,scattered clouds
108,Flinders,AU,-34.5833,150.8552,70.21,88,100,7.38,overcast clouds
109,Chapleau,CA,47.8405,-83.4034,29.8,77,3,8.21,clear sky
110,Acajutla,SV,13.5928,-89.8275,76.96,82,100,5.3,overcast clouds
111,Clyde River,CA,70.4692,-68.5914,15.39,87,93,10.11,overcast clouds
112,Lata,PT,40.1629,-8.3327,45.81,81,0,4.18,clear sky
113,Ponta Do Sol,PT,32.6667,-17.1,65.71,70,74,8.14,broken clouds
114,Veraval,IN,20.9,70.3667,87.33,37,88,4.14,overcast clouds
115,Mantua,IT,45.1667,10.7833,51.44,88,86,3.0,overcast clouds
116,Mildura,AU,-34.2,142.15,85.96,26,5,4.61,clear sky
117,Alyangula,AU,-13.8483,136.4192,87.67,70,75,5.75,broken clouds
118,Cayenne,GF,4.9333,-52.3333,76.08,90,75,11.99,light rain
119,Ilulissat,GL,69.2167,-51.1,22.73,95,100,6.33,overcast clouds
120,Longyearbyen,SJ,78.2186,15.6401,19.24,73,75,4.61,broken clouds
121,Akdepe,TM,42.0551,59.3788,28.49,17,0,16.35,clear sky
122,Salalah,OM,17.0151,54.0924,83.68,53,8,6.13,clear sky
123,Viesca,MX,25.35,-102.8,59.7,69,0,4.21,clear sky
124,Beringovskiy,RU,63.05,179.3167,-2.43,90,26,5.64,scattered clouds
125,Hong Gai,VN,20.956,107.0946,82.31,72,18,8.59,few clouds
126,Cherskiy,RU,68.75,161.3,-10.84,97,74,6.62,broken clouds
127,Iquique,CL,-20.2208,-70.1431,60.84,74,11,3.33,few clouds
128,Lebu,CL,-37.6167,-73.65,49.91,79,0,24.11,clear sky
129,Erenhot,CN,43.6475,111.9767,47.44,35,97,9.55,overcast clouds
130,Tasiilaq,GL,65.6145,-37.6368,11.7,78,16,7.49,few clouds
131,Dingle,PH,10.9995,122.6711,82.36,81,100,2.01,light rain
132,Mayumba,GA,-3.432,10.6554,78.58,83,100,7.54,overcast clouds
133,Wanning,CN,18.8003,110.3967,82.11,71,43,5.91,scattered clouds
134,Thompson,CA,55.7435,-97.8558,17.76,93,1,0.0,fog
135,Carnarvon,AU,-24.8667,113.6333,75.27,46,0,21.85,clear sky
136,Avarua,CK,-21.2078,-159.775,75.25,69,20,9.22,few clouds
137,Valparaiso,CL,-33.0393,-71.6273,49.64,76,0,0.0,clear sky
138,Les Cayes,HT,18.2,-73.75,76.35,83,3,2.37,clear sky
139,Santa Cruz,BO,-17.8,-63.1667,76.46,78,75,9.22,broken clouds
140,Namatanai,PG,-3.6667,152.4333,83.19,63,97,8.05,overcast clouds
141,Jeremie,HT,18.65,-74.1167,77.86,79,4,2.91,clear sky
142,Luderitz,NA,-26.6481,15.1594,68.45,50,27,16.82,scattered clouds
143,Padang,ID,-0.9492,100.3543,75.33,93,100,2.46,overcast clouds
144,Kapaa,US,22.0752,-159.319,78.78,81,90,12.66,light rain
145,Rudnichnyy,RU,59.617,52.4703,38.77,95,100,11.01,overcast clouds
146,Havre-Saint-Pierre,CA,50.2334,-63.5986,37.4,74,90,0.0,overcast clouds
147,Wilnsdorf,DE,50.8167,8.1,42.76,93,100,1.01,overcast clouds
148,Petropavlovsk-Kamchatskiy,RU,53.0452,158.6483,28.99,74,0,4.47,clear sky
149,Mahebourg,MU,-20.4081,57.7,82.69,65,40,10.36,scattered clouds
150,Narsaq,GL,60.9167,-46.05,26.55,95,100,6.42,overcast clouds
151,Rock Sound,BS,24.9,-76.2,79.75,74,100,9.13,overcast clouds
152,Mandalgovi,MN,45.7625,106.2708,13.91,32,100,21.34,overcast clouds
153,Pospelikha,RU,51.95,81.7667,16.45,80,100,19.8,overcast clouds
154,Mwinilunga,ZM,-11.7358,24.4293,75.81,58,4,4.05,clear sky
155,Umm Kaddadah,SD,13.6017,26.6876,85.12,24,3,19.86,clear sky
156,Severo-Kurilsk,RU,50.6789,156.125,36.72,78,100,8.95,overcast clouds
157,La Ciotat,FR,43.1748,5.6045,54.81,56,6,9.64,clear sky
158,Joaima,BR,-16.6542,-41.0306,72.07,98,100,2.37,overcast clouds
159,Tazovskiy,RU,67.4667,78.7,27.91,90,100,12.41,overcast clouds
160,Namibe,AO,-15.1961,12.1522,72.54,62,61,3.51,broken clouds
161,Moussoro,TD,13.6408,16.4901,85.26,13,0,15.01,clear sky
162,Ocampo,MX,21.65,-101.5,47.8,92,9,6.46,clear sky
163,Mount Gambier,AU,-37.8333,140.7667,76.91,25,78,9.22,broken clouds
164,Igbo Ora,NG,7.4333,3.2833,76.44,88,43,2.91,scattered clouds
165,Victoria,HK,22.2855,114.1577,84.04,79,10,8.99,clear sky
166,Sao Joao Da Barra,BR,-21.6403,-41.0511,68.67,93,3,8.43,clear sky
167,Buala,SB,-8.145,159.5921,81.48,76,98,5.77,light rain
168,Namanga,KE,-2.5433,36.7905,73.99,58,96,6.93,light rain
169,Kosh-Agach,RU,50.0,88.6667,5.05,41,7,2.04,clear sky
170,Arraial Do Cabo,BR,-22.9661,-42.0278,70.11,86,11,7.61,few clouds
171,Meulaboh,ID,4.1363,96.1285,82.94,75,94,7.7,overcast clouds
172,Tsiroanomandidy,MG,-18.7667,46.0333,91.71,25,66,5.99,broken clouds
173,Nanortalik,GL,60.1432,-45.2371,31.15,84,100,5.5,overcast clouds
174,Shepsi,RU,44.0361,39.1489,65.95,64,9,2.17,clear sky
175,Henties Bay,NA,-22.116,14.2845,61.63,81,39,5.08,scattered clouds
176,Port Hardy,CA,50.6996,-127.4199,50.0,76,75,11.5,broken clouds
177,Kita,ML,13.0349,-9.4895,74.77,71,14,1.74,few clouds
178,Santa Cruz De Tenerife,ES,28.4682,-16.2546,70.65,85,75,1.01,drizzle
179,Chokurdakh,RU,70.6333,147.9167,-9.74,97,31,7.85,scattered clouds
180,Hami,CN,42.8,93.45,26.01,70,100,1.63,overcast clouds
181,Gonzales,US,30.2385,-90.9201,57.18,85,90,5.75,overcast clouds
182,Batagay,RU,67.6333,134.6333,-3.46,97,24,4.79,few clouds
183,Royan,FR,45.6285,-1.0281,46.38,88,10,7.63,clear sky
184,Redmond,US,47.674,-122.1215,50.54,85,100,1.01,overcast clouds
185,Torbay,CA,47.6666,-52.7314,36.75,90,1,6.91,clear sky
186,Pisco,PE,-13.7,-76.2167,61.02,88,0,4.61,clear sky
187,Ayan,RU,56.45,138.1667,31.5,95,100,5.03,overcast clouds
188,Saint John,CA,45.2727,-66.0677,28.18,94,75,0.0,broken clouds
189,Morros,BR,-9.4467,-46.3003,69.89,94,100,3.13,overcast clouds
190,Bethel,US,41.3712,-73.414,41.7,78,7,4.81,clear sky
191,Brigantine,US,39.4101,-74.3646,45.01,70,75,6.91,broken clouds
192,Nisia Floresta,BR,-6.0911,-35.2086,79.18,89,28,4.59,scattered clouds
193,Shingu,JP,33.7333,135.9833,68.99,57,9,1.99,clear sky
194,East London,ZA,-33.0153,27.9116,68.94,88,75,8.05,broken clouds
195,Kulhudhuffushi,MV,6.6221,73.07,81.5,80,99,14.27,overcast clouds
196,Hirara,JP,24.8,125.2833,73.67,88,75,10.36,mist
197,Tomar,PT,39.602,-8.4092,47.39,74,0,3.71,clear sky
198,Petrozavodsk,RU,61.7849,34.3469,42.26,87,75,4.47,light rain
199,Geraldton,AU,-28.7667,114.6,72.12,46,0,21.85,clear sky
200,Saint-Philippe,RE,-21.3585,55.7679,83.48,74,5,2.35,clear sky
201,Saint Anthony,US,45.0205,-93.218,43.14,79,1,1.99,clear sky
202,Klyuchi,RU,52.2667,79.1667,24.03,64,100,15.12,overcast clouds
203,Souillac,MU,-20.5167,57.5167,82.78,65,40,10.36,scattered clouds
204,Shu,KZ,43.5983,73.7614,26.22,25,0,7.14,clear sky
205,Boone,US,39.0334,-92.3335,40.78,83,0,1.99,clear sky
206,Lazaro Cardenas,MX,17.9583,-102.2,75.76,89,100,4.63,overcast clouds
207,Ikeda,JP,34.8221,135.4298,67.75,57,40,5.75,scattered clouds
208,Ahipara,NZ,-35.1667,173.1667,60.08,96,94,7.58,overcast clouds
209,Yurty,RU,56.0498,97.6348,18.54,46,100,11.83,overcast clouds
210,Kavaratti,IN,10.5669,72.642,82.49,75,100,11.48,moderate rain
211,Airai,TL,-8.9266,125.4092,71.78,70,100,2.21,heavy intensity rain
212,Ha Tinh,VN,18.3333,105.9,84.52,70,66,6.69,broken clouds
213,Bekhteyevka,RU,50.8072,37.2085,54.5,90,100,13.15,overcast clouds
214,Hornepayne,CA,49.2138,-84.7705,32.97,84,95,8.48,overcast clouds
215,Shache,CN,38.4167,77.2406,54.54,20,44,15.21,scattered clouds
216,Rincon,US,32.296,-81.2354,49.86,88,75,1.01,broken clouds
217,Nexo,DK,55.0607,15.1306,44.69,81,100,23.49,overcast clouds
218,Micheweni,TZ,-4.9667,39.8333,84.6,65,18,4.54,few clouds
219,Kudahuvadhoo,MV,2.6708,72.8944,82.11,78,100,16.31,overcast clouds
220,Tuatapere,NZ,-46.1333,167.6833,52.83,70,93,4.36,overcast clouds
221,Vaitape,PF,-16.5167,-151.75,79.05,76,27,12.73,light rain
222,Atasu,KZ,48.6814,71.6433,26.47,27,26,4.27,scattered clouds
223,Mount Isa,AU,-20.7333,139.5,98.37,19,40,5.75,scattered clouds
224,Alofi,NU,-19.0595,-169.9187,75.09,78,96,8.05,overcast clouds
225,Khorramshahr,IR,30.4397,48.1664,73.36,46,0,9.22,clear sky
226,Garmsar,IR,35.2182,52.3409,60.93,61,100,5.06,overcast clouds
227,Vardo,NO,70.3705,31.1107,37.6,65,100,14.34,overcast clouds
228,Gladstone,AU,-23.85,151.25,78.73,57,75,14.97,broken clouds
229,Zhigalovo,RU,54.8097,105.1578,13.41,72,100,9.33,overcast clouds
230,Quelimane,MZ,-17.8786,36.8883,87.3,52,55,4.74,broken clouds
231,Nouakchott,MR,18.0858,-15.9785,67.93,42,15,7.14,few clouds
232,Coari,BR,-4.085,-63.1414,73.63,96,100,0.76,overcast clouds
233,Chemainus,CA,48.9163,-123.7194,51.35,78,100,4.38,overcast clouds
234,Galashki,RU,43.1136,44.9894,48.72,75,11,3.27,few clouds
235,Teahupoo,PF,-17.8333,-149.2667,73.36,77,49,12.53,light rain
236,Vidim,RU,56.4088,103.1106,12.69,84,100,11.25,light snow
237,Maniitsoq,GL,65.4167,-52.9,28.47,92,100,15.46,snow
238,Tromso,NO,69.6496,18.957,39.22,70,0,0.0,clear sky
239,Lakselv,NO,70.0513,24.9718,33.62,93,75,17.27,broken clouds
240,Dicabisagan,PH,17.0818,122.4157,83.07,76,33,4.16,scattered clouds
241,Beberibe,BR,-4.1797,-38.1306,80.64,84,12,7.27,few clouds
242,Prince Rupert,CA,54.3161,-130.3201,49.69,87,100,21.85,light rain
243,Constantine,DZ,36.365,6.6147,45.81,93,75,3.44,broken clouds
244,Rengo,CL,-34.4167,-70.8667,47.23,51,0,2.82,clear sky
245,Tura,IN,25.5198,90.2201,78.03,52,7,3.42,clear sky
246,Pevek,RU,69.7008,170.3133,-7.98,96,88,6.76,overcast clouds
247,Aswan,EG,24.0934,32.907,76.3,38,0,8.05,clear sky
248,Amga,RU,60.8953,131.9608,21.04,94,100,10.71,light snow
249,Outjo,NA,-20.1167,16.15,79.72,13,8,3.27,clear sky
250,Providencia,MX,28.7167,-111.5833,71.85,37,0,4.45,clear sky
251,Shangzhi,CN,45.2167,127.9667,56.28,60,6,2.73,clear sky
252,Shubarshi,KZ,48.5872,57.1869,33.21,25,48,10.31,scattered clouds
253,Georgetown,MY,5.4112,100.3354,87.75,73,20,2.3,few clouds
254,Elin Pelin,BG,42.6667,23.6,58.37,93,88,3.44,mist
255,Maragogi,BR,-9.0122,-35.2225,75.72,87,94,10.33,overcast clouds
256,Lorengau,PG,-2.0226,147.2712,83.14,69,100,8.86,overcast clouds
257,Miri,MY,4.4148,114.0089,87.94,66,40,5.75,scattered clouds
258,Lompoc,US,34.6391,-120.4579,66.78,88,1,0.0,clear sky
259,Lianzhou,CN,24.7811,112.3825,83.7,62,81,6.13,broken clouds
260,Dakar,SN,14.6937,-17.4441,76.08,100,100,0.0,overcast clouds
261,San Quintin,MX,30.4833,-115.95,62.96,86,0,5.84,clear sky
262,Dunedin,NZ,-45.8742,170.5036,52.09,76,13,2.77,few clouds
263,Ripon,GB,54.1352,-1.5212,47.01,88,100,4.54,overcast clouds
264,Mana,GF,5.6592,-53.7767,78.12,84,28,8.66,scattered clouds
265,Safonovo,RU,55.15,33.2167,47.95,93,100,13.09,light rain
266,Lisala,CD,2.15,21.5167,76.62,81,100,1.28,overcast clouds
267,Ryotsu,JP,38.0833,138.4333,58.96,69,60,8.84,broken clouds
268,Calama,CL,-22.4667,-68.9333,41.49,30,0,13.8,clear sky
269,Yulin,CN,22.6333,110.15,82.15,70,99,10.65,overcast clouds
270,Kroya,ID,-7.6331,109.2461,81.34,82,100,4.09,light rain
271,Ilhabela,BR,-23.7781,-45.3581,69.28,92,98,5.01,overcast clouds
272,Russell,US,32.3502,-85.1999,51.08,79,90,8.05,overcast clouds
273,Cidreira,BR,-30.1811,-50.2056,68.77,94,98,15.82,overcast clouds
274,Bundaberg,AU,-24.85,152.35,75.49,69,40,5.99,scattered clouds
275,Coihaique,CL,-45.5752,-72.0662,42.75,81,0,2.3,clear sky
276,Svetlogorsk,BY,52.6333,29.7333,52.12,96,100,10.78,overcast clouds
277,Kopavogur,IS,64.1123,-21.913,41.22,82,75,11.5,broken clouds
278,Richards Bay,ZA,-28.783,32.0377,75.99,67,88,12.08,overcast clouds
279,Kurumkan,RU,54.3,110.3,10.83,45,97,7.38,overcast clouds
280,Vestmannaeyjar,IS,63.4427,-20.2734,44.37,65,100,18.45,overcast clouds
281,Praia,CV,14.9215,-23.5087,73.94,88,0,4.61,clear sky
282,Takab,IR,36.4009,47.1133,50.22,63,85,9.37,overcast clouds
283,Touros,BR,-5.1989,-35.4608,76.1,82,14,7.83,few clouds
284,Mehamn,NO,71.0357,27.8492,33.71,75,100,13.27,overcast clouds
285,Mareeba,AU,-17.0,145.4333,81.45,65,19,9.86,few clouds
286,Meiganga,CM,6.5167,14.3,72.07,78,51,3.78,broken clouds
287,Raudeberg,NO,61.9875,5.1352,43.86,90,100,1.01,overcast clouds
288,Rawson,AR,-43.3002,-65.1023,55.13,44,0,16.49,clear sky
289,Parakou,BJ,9.3372,2.6303,76.51,78,98,4.9,overcast clouds
290,San Patricio,US,28.017,-97.5169,58.86,80,0,6.33,clear sky
291,Auki,SB,-8.7676,160.7034,80.13,81,97,3.53,overcast clouds
292,Peniche,PT,39.3558,-9.3811,52.61,79,0,13.35,clear sky
293,Porto Novo,BJ,6.4965,2.6036,75.02,84,100,3.29,overcast clouds
294,Tahe,CN,52.3333,124.7333,27.52,25,100,8.21,overcast clouds
295,Amapa,BR,1.0,-52.0,70.3,99,90,2.06,overcast clouds
296,Kimbe,PG,-5.5502,150.1429,81.37,80,100,5.46,light rain
297,Coracao De Jesus,BR,-16.6853,-44.365,66.52,95,100,0.54,overcast clouds
298,Guerrero Negro,MX,27.9769,-114.0611,63.93,90,4,7.27,clear sky
299,Pandharpur,IN,17.6667,75.3333,87.46,46,69,10.4,broken clouds
300,Sola,VU,-13.8833,167.55,79.47,83,75,2.3,moderate rain
301,Bacolod,PH,10.6667,122.95,83.59,78,100,1.07,overcast clouds
302,Binzhou,CN,37.3667,118.0167,73.27,52,27,10.94,scattered clouds
303,Saskylakh,RU,71.9167,114.0833,13.17,91,100,17.85,overcast clouds
304,Baragaon,IN,25.4333,82.8167,85.98,37,100,1.14,haze
305,La Ligua,CL,-32.4524,-71.2311,47.98,82,0,1.34,clear sky
306,Los Llanos De Aridane,ES,28.6585,-17.9182,65.12,79,90,8.01,overcast clouds
307,Ahuimanu,US,21.4447,-157.8378,77.94,74,22,17.96,few clouds
308,Sisimiut,GL,66.9395,-53.6735,26.11,75,100,16.15,overcast clouds
309,Alihe,CN,50.5667,123.7167,31.8,33,100,8.16,overcast clouds
310,Xiamen,CN,24.4798,118.0819,80.65,69,0,6.71,clear sky
311,Kaitangata,NZ,-46.2817,169.8464,50.7,77,77,3.51,broken clouds
312,Tabou,CI,4.423,-7.3528,77.88,85,4,4.74,clear sky
313,La Rioja,ES,42.25,-2.5,38.48,98,100,5.77,overcast clouds
314,Wuchang,CN,44.9143,127.15,57.88,54,9,8.39,clear sky
315,Haines Junction,CA,60.7522,-137.5108,13.95,85,100,2.3,overcast clouds
316,Saint-Georges,GD,12.0564,-61.7485,79.32,81,34,13.42,scattered clouds
317,Tawang,IN,27.5833,91.8667,56.1,29,2,7.9,clear sky
318,Zaysan,KZ,47.4667,84.8667,17.29,51,2,3.74,clear sky
319,Homer,US,59.6425,-151.5483,35.04,93,96,4.61,overcast clouds
320,Caravelas,BR,-17.7125,-39.2481,72.84,90,46,3.71,heavy intensity rain
321,Safford,US,32.834,-109.7076,61.34,40,0,3.69,clear sky
322,Tonj,SS,7.2737,28.6822,85.51,53,28,3.6,scattered clouds
323,Priargunsk,RU,50.3691,119.1012,23.0,27,100,13.22,overcast clouds
324,Gore,NZ,-46.1028,168.9436,52.23,67,81,4.47,broken clouds
325,Kirakira,SB,-10.4544,161.9205,80.89,76,14,3.15,few clouds
326,Sorland,NO,67.667,12.6934,42.91,84,100,13.31,overcast clouds
327,Urubicha,BO,-15.3833,-62.95,70.83,96,56,3.15,broken clouds
328,Mataram,ID,-8.5833,116.1167,79.61,73,100,2.93,overcast clouds
329,Codrington,AU,-38.2667,141.9667,72.82,69,2,6.6,clear sky
330,Pangnirtung,CA,66.1451,-65.7125,11.07,79,95,6.96,overcast clouds
331,Vanimo,PG,-2.6741,141.3028,83.48,72,73,6.98,heavy intensity rain
332,Ternate,ID,0.8,127.4,84.58,70,97,2.57,overcast clouds
333,Ballina,AU,-28.8667,153.5667,69.76,68,90,9.22,light rain
334,Chunskiy,RU,56.0815,99.6342,17.98,47,100,10.63,overcast clouds
335,Dondo,MZ,-19.6094,34.7431,88.54,48,8,3.29,clear sky
336,Marawi,PH,7.9986,124.2928,76.64,83,100,3.06,overcast clouds
337,Alta Floresta,BR,-9.8756,-56.0861,70.61,97,100,2.51,overcast clouds
338,Broome,US,42.2506,-75.833,32.54,78,9,4.0,clear sky
339,Tarko-Sale,RU,64.9225,77.785,32.29,97,100,17.96,light snow
340,Kemijarvi,FI,66.7131,27.4306,34.48,99,100,1.92,light rain
341,Aykhal,RU,66.0,111.5,6.76,89,100,32.53,overcast clouds
342,Kysyl-Syr,RU,63.8986,122.7617,1.98,88,100,9.24,overcast clouds
343,Pampa,US,35.5362,-100.9599,44.19,87,1,10.36,clear sky
344,Grand Forks,US,47.9417,-97.4337,38.59,83,5,11.99,clear sky
345,Cumberland,US,35.0502,-78.8664,41.18,94,1,3.0,clear sky
346,Mujiayingzi,CN,42.1167,118.7833,59.7,38,11,10.25,few clouds
347,Zedelgem,BE,51.1262,3.1372,50.9,93,68,3.0,broken clouds
348,Kloulklubed,PW,7.0419,134.2556,84.79,73,100,8.05,overcast clouds
349,Hofn,IS,64.2539,-15.2082,40.5,59,0,9.55,clear sky
350,Karratha,AU,-20.7377,116.8463,90.12,38,11,18.66,few clouds
351,Jeremoabo,BR,-10.075,-38.4808,72.77,89,100,6.64,overcast clouds
352,Itoman,JP,26.1247,127.6694,75.4,60,75,12.66,broken clouds
353,Port Hawkesbury,CA,45.6169,-61.3485,39.58,90,100,1.01,overcast clouds
354,Ciudad Bolivar,VE,8.1222,-63.5497,74.46,91,78,7.34,broken clouds
355,Serowe,BW,-22.3833,26.7167,82.74,42,8,10.45,clear sky
356,Graham,US,47.0529,-122.2943,48.38,93,90,0.0,overcast clouds
357,Marihatag,PH,8.7936,126.2969,84.52,72,100,5.93,overcast clouds
358,Paita,PE,-5.0892,-81.1144,64.04,83,93,9.17,overcast clouds
359,Nyurba,RU,63.2842,118.3319,3.18,83,92,13.13,overcast clouds
360,Kaduna,NG,10.5222,7.4383,77.04,58,100,4.21,overcast clouds
361,Porbandar,IN,21.6422,69.6093,88.29,30,25,9.73,scattered clouds
362,Fairbanks,US,64.8378,-147.7164,30.2,87,40,8.05,scattered clouds
363,Kasongo-Lunda,CD,-6.4667,16.8167,77.45,77,15,1.66,few clouds
364,Hasaki,JP,35.7333,140.8333,64.8,53,0,10.36,clear sky
365,Kibala,TD,9.1104,18.3463,75.15,88,0,6.91,clear sky
366,Coos Bay,US,43.3665,-124.2179,55.15,93,40,10.36,scattered clouds
367,Tainan,TW,22.9908,120.2133,90.93,65,75,5.75,broken clouds
368,Cockburn Town,TC,21.4612,-71.1419,82.72,72,14,16.49,few clouds
369,Mizdah,LY,31.4451,12.9801,73.54,19,84,4.21,broken clouds
370,Mehriz,IR,31.5917,54.4318,54.1,73,100,4.76,overcast clouds
371,Santa Marta,CO,11.2408,-74.199,78.49,80,33,6.29,scattered clouds
372,Eisenach,DE,50.9833,10.3167,45.45,90,100,7.43,light rain
373,Kruisfontein,ZA,-34.0033,24.7314,66.88,49,97,4.85,overcast clouds
374,Lasa,IT,46.6166,10.7002,35.02,75,10,4.54,clear sky
375,Sitka,US,57.0531,-135.33,42.69,87,90,0.0,light rain
376,Te Anau,NZ,-45.4167,167.7167,57.18,81,40,3.15,scattered clouds
377,Sidi Ali,DZ,36.0998,0.4206,53.53,68,73,5.12,broken clouds
378,Fort Nelson,CA,58.8053,-122.7002,27.99,86,90,2.3,light snow
379,Mokolo,CM,10.7398,13.8019,78.69,28,81,6.08,broken clouds
380,Bathsheba,BB,13.2167,-59.5167,81.21,78,40,17.27,scattered clouds
381,Mecca,SA,21.4267,39.8261,86.74,38,0,3.0,clear sky
382,Loa Janan,ID,-0.583,117.095,84.76,78,100,0.65,overcast clouds
383,Hortobagy,HU,47.5828,21.1511,52.0,72,100,6.15,light rain
384,Matara,LK,5.9485,80.5353,78.3,87,100,7.78,light rain
385,Ramon Castilla,PE,-4.2569,-69.9594,77.25,94,75,2.3,light rain
386,Bireun,ID,5.203,96.7009,81.48,78,100,4.83,overcast clouds
387,Jimma,ET,7.6667,36.8333,72.79,47,10,1.77,clear sky
388,Katherine,AU,-14.4667,132.2667,100.72,28,90,3.44,overcast clouds
389,Presidencia Roque Saenz Pena,AR,-26.7852,-60.4388,70.52,97,100,9.91,heavy intensity rain
390,Vila Velha,BR,-20.3297,-40.2925,71.55,88,20,5.75,few clouds
391,Poum,NC,-20.2333,164.0167,73.08,71,100,15.7,overcast clouds
392,Kawalu,ID,-7.3817,108.2082,80.02,84,100,3.4,overcast clouds
393,Sokolo,ML,14.7328,-6.1219,86.0,35,43,3.38,scattered clouds
394,Neuquen,AR,-38.9516,-68.0591,51.69,54,0,11.5,clear sky
395,Carballo,ES,43.213,-8.691,50.9,90,100,6.64,overcast clouds
396,Rundu,NA,-17.9333,19.7667,85.86,34,76,6.04,broken clouds
397,Vostok,RU,46.4856,135.8833,41.41,64,6,3.22,clear sky
398,Igarka,RU,67.4667,86.5833,26.87,92,100,7.7,overcast clouds
399,Hare Bay,CA,48.8499,-54.0148,34.95,92,18,5.68,few clouds
400,Seidu,SL,9.0167,-10.6,67.87,94,76,0.87,broken clouds
401,Hay River,CA,60.8156,-115.7999,33.78,86,40,6.91,scattered clouds
402,Rolla,US,37.9514,-91.7713,37.24,69,0,4.0,clear sky
403,Rio Gallegos,AR,-51.6226,-69.2181,42.85,61,0,19.57,clear sky
404,Stokmarknes,NO,68.5646,14.9108,42.76,93,75,9.22,broken clouds
405,Aldergrove,CA,49.058,-122.4709,49.15,87,90,8.05,overcast clouds
406,Adre,TD,13.4667,22.2,81.3,25,70,18.63,broken clouds
407,Hamilton,US,39.1834,-84.5333,35.78,85,0,3.53,clear sky
408,Fortuna,US,40.5982,-124.1573,53.42,69,90,4.0,overcast clouds
409,Sinnamary,GF,5.3833,-52.95,77.45,87,10,9.28,clear sky
410,Qui Nhon,VN,13.7667,109.2333,81.3,78,95,7.9,overcast clouds
411,Axim,GH,4.8699,-2.2405,78.8,84,9,3.94,clear sky
412,Beira,MZ,-19.8436,34.8389,85.17,58,38,5.03,scattered clouds
413,Cabo San Lucas,MX,22.8909,-109.9124,77.5,74,51,3.91,broken clouds
414,Ganzhou,CN,28.8184,115.4327,67.14,96,100,1.45,overcast clouds
415,Wittenberge,DE,53.0,11.75,47.03,91,100,9.86,overcast clouds
416,Thai Binh,VN,20.45,106.3333,82.4,67,68,13.56,broken clouds
417,Santa Rosa,PH,14.3122,121.1114,91.38,70,94,12.46,overcast clouds
418,Silva Jardim,BR,-22.6508,-42.3917,66.13,97,74,0.58,broken clouds
419,Upernavik,GL,72.7868,-56.1549,18.9,72,36,8.34,scattered clouds
420,Alvdal,NO,62.1077,10.6307,30.04,76,60,2.48,broken clouds
421,Shinpokh,PK,34.3292,71.1782,71.01,45,6,2.24,clear sky
422,Blagoyevo,RU,63.3667,47.9167,39.22,98,100,7.9,overcast clouds
423,Manzanillo,CU,20.3433,-77.1167,72.73,90,17,2.42,few clouds
424,Camana,PE,-16.6228,-72.7111,64.0,82,77,7.2,broken clouds
425,Lagoa,PT,39.05,-27.9833,65.86,87,100,30.13,overcast clouds
426,Mbala,ZM,-8.8402,31.3659,78.87,27,0,5.46,clear sky
427,Praya,CV,14.9215,-23.5087,73.94,88,0,4.61,clear sky
428,Zmeinogorsk,RU,51.1567,82.195,14.31,74,100,15.32,overcast clouds
429,Zharkent,KZ,44.1628,80.0,26.89,29,0,5.19,clear sky
430,Pedreiras,BR,-4.5688,-44.6003,72.72,94,99,1.83,overcast clouds
431,Havelock,US,34.8791,-76.9013,45.95,88,100,1.99,overcast clouds
432,Gat,IL,31.61,34.7642,80.91,44,0,1.54,clear sky
433,Dudinka,RU,69.4058,86.1778,17.51,95,100,11.34,overcast clouds
434,Pechenizhyn,UA,48.5155,24.8942,52.99,82,100,2.44,overcast clouds
435,Manokwari,ID,-0.8667,134.0833,83.61,72,100,3.76,overcast clouds
436,Chirongui,YT,-12.9319,45.1483,87.73,75,42,4.27,scattered clouds
437,Lamar,US,33.6668,-95.5836,44.53,91,1,5.19,clear sky
438,Antalaha,MG,-14.9003,50.2788,80.96,63,83,6.76,broken clouds
439,Okmulgee,US,35.6234,-95.9605,46.29,76,0,5.03,clear sky
440,Manama,BH,26.2154,50.5832,84.34,54,4,9.22,clear sky
441,Husavik,IS,66.0449,-17.3389,37.31,90,89,4.92,overcast clouds
442,Komsomolskiy,UZ,40.4272,71.7189,40.42,38,75,4.61,haze
443,Itarema,BR,-2.9248,-39.9167,78.98,80,49,9.98,scattered clouds
444,Vao,NC,-22.6667,167.4833,68.67,65,100,14.56,overcast clouds
445,Esperance,AU,-33.8667,121.9,67.84,67,40,15.75,scattered clouds
446,Konya,TR,38.1667,32.5,55.72,54,9,1.45,clear sky
447,Wasilla,US,61.5814,-149.4394,35.15,93,90,0.0,light rain
448,Chumikan,RU,54.7183,135.315,33.73,80,100,3.47,overcast clouds
449,Jiangyou,CN,31.7667,104.7167,66.45,64,57,3.76,broken clouds
450,Kirensk,RU,57.7853,108.1119,11.39,73,100,13.58,overcast clouds
451,Pochutla,MX,15.7432,-96.4661,73.81,86,26,4.07,scattered clouds
452,Murgab,TM,37.4966,61.9714,39.52,16,5,7.65,clear sky
453,Wlingi,ID,-8.0776,112.3311,81.3,79,100,1.48,overcast clouds
454,Koumac,NC,-20.5667,164.2833,72.57,69,100,14.34,overcast clouds
455,Sulecin,PL,52.4443,15.1168,45.09,86,100,14.0,light rain
456,Tatawin,TN,32.9297,10.4518,79.68,62,100,1.23,overcast clouds
457,Byron Bay,AU,-28.65,153.6167,69.75,72,100,5.08,overcast clouds
458,Lakes Entrance,AU,-37.8811,147.981,72.57,82,100,14.16,overcast clouds
459,Biak,ID,-0.9131,122.8766,80.06,80,100,1.36,overcast clouds
460,Aban,RU,56.67,96.06,17.22,64,100,15.79,overcast clouds
461,Wajima,JP,37.4,136.9,59.97,68,41,9.4,scattered clouds
462,Wellington,NZ,-41.2866,174.7756,60.76,94,90,3.0,overcast clouds
463,La Sarre,CA,48.8002,-79.1996,27.28,92,24,7.92,few clouds
464,Zeya,RU,53.75,127.2667,28.94,40,100,9.01,overcast clouds
465,Cheremukhovo,RU,60.3484,59.9851,36.23,77,94,8.28,overcast clouds
466,Launceston,AU,-41.45,147.1667,69.44,64,90,9.22,overcast clouds
467,Margate,GB,51.3813,1.3862,40.3,82,79,14.52,broken clouds
468,Buraydah,SA,26.326,43.975,76.33,33,1,7.49,clear sky
469,Bahia Blanca,AR,-38.7196,-62.2724,46.76,85,0,4.16,clear sky
470,Bryan,US,30.6744,-96.37,46.02,90,1,0.0,clear sky
471,Keflavik,IS,64.0049,-22.5624,41.43,75,40,14.97,scattered clouds
472,Lichuan,CN,30.3,108.85,57.7,89,100,0.72,overcast clouds
473,Seoul,KR,37.5683,126.9778,68.41,32,0,3.11,clear sky
474,Burgeo,CA,47.6167,-57.6152,38.55,67,47,10.85,scattered clouds
475,Kashi,CN,39.4547,75.9797,49.66,24,69,11.99,broken clouds
476,Bilibino,RU,68.0546,166.4372,-15.52,100,96,3.65,overcast clouds
477,Selma,US,36.5708,-119.6121,60.1,87,5,4.85,clear sky
478,Payo,ID,-3.7508,103.6372,84.16,77,76,2.51,light rain
479,Bud,US,39.447,-86.1758,34.14,88,0,5.1,clear sky
480,Verkhnetulomskiy,RU,68.6073,31.7962,32.13,97,100,4.81,light snow
481,Sawtell,AU,-30.3833,153.1,68.02,73,75,5.75,broken clouds
482,Saint-Francois,FR,46.4154,3.9054,43.68,100,90,3.44,overcast clouds
483,Aromashevo,RU,56.8602,68.6375,32.59,73,99,16.35,overcast clouds
484,San Policarpo,PH,12.1791,125.5072,82.42,81,77,8.01,broken clouds
485,Bolitoc,PH,15.7395,119.8769,89.1,62,8,6.91,clear sky
486,Etropole,BG,42.8333,24.0,58.51,62,91,4.45,overcast clouds
487,Trelew,AR,-43.249,-65.3051,54.73,39,0,15.37,clear sky
488,Hun,LY,29.1268,15.9477,76.96,23,2,7.4,clear sky
489,Elko,US,41.0002,-115.5012,42.06,59,0,4.99,clear sky
490,Norman Wells,CA,65.282,-126.8329,6.84,85,90,4.61,fog
491,Bonfim,BR,3.0833,-59.95,77.43,74,18,7.2,few clouds
492,Hauterive,FR,46.0901,3.4459,44.02,96,100,1.81,overcast clouds
493,San Cristobal,VE,7.7669,-72.225,64.63,98,56,0.87,broken clouds
494,Garowe,SO,8.4054,48.4845,81.72,33,6,4.07,clear sky
495,Khandyga,RU,62.6667,135.6,18.12,92,100,3.36,overcast clouds
496,Cascais,PT,38.6979,-9.4215,52.5,62,0,1.99,clear sky
497,Easthampton,US,42.2668,-72.669,35.94,92,1,3.44,clear sky
498,Luwingu,ZM,-10.2621,29.9271,80.56,31,9,9.86,clear sky
499,Rabaul,PG,-4.1967,152.1721,85.08,63,100,7.87,overcast clouds
500,Harper,LR,4.375,-7.7169,77.86,86,6,5.99,clear sky
501,Pangai,TO,-19.8,-174.35,78.33,82,100,20.4,overcast clouds
502,Asau,RO,46.4333,26.4,57.76,52,74,2.59,broken clouds
503,Hit,IQ,33.6416,42.8251,78.67,30,0,15.7,clear sky
504,Iranshahr,IR,27.2025,60.6848,82.15,22,0,2.59,clear sky
505,Banff,CA,51.1762,-115.5698,49.23,70,100,6.91,overcast clouds
506,Magadi,IN,12.9667,77.2333,83.75,68,97,4.23,overcast clouds
507,Sarh,TD,9.1429,18.3923,81.0,65,93,4.59,overcast clouds
508,Baringo,KE,0.4667,35.9667,82.96,37,36,1.03,scattered clouds
509,Ketchikan,US,55.3422,-131.6461,45.27,93,100,10.69,light rain
510,Taunggyi,MM,20.7833,97.0333,72.48,70,39,4.7,scattered clouds
511,Dromolaxia,CY,34.8761,33.586,76.87,55,0,5.75,clear sky
512,Mahajanga,MG,-15.7167,46.3167,87.82,62,20,8.05,few clouds
513,North Bend,US,43.4065,-124.2243,55.08,99,18,14.23,few clouds
514,Ewo,CG,-0.8725,14.8206,78.08,81,28,1.95,scattered clouds
515,Kuusamo,FI,65.9667,29.1833,37.44,100,90,6.91,overcast clouds
516,Cap Malheureux,MU,-19.9842,57.6142,77.02,81,11,7.52,few clouds
517,Mama,RU,58.3106,112.8986,5.54,78,100,9.48,overcast clouds
518,Veere,NL,51.5483,3.6667,51.78,67,75,4.0,broken clouds
519,Strezhevoy,RU,60.7333,77.5889,30.18,91,100,13.11,overcast clouds
520,Ambilobe,MG,-13.2,49.05,92.23,42,85,2.35,overcast clouds
521,Dhidhdhoo,MV,6.8833,73.1,81.93,79,71,14.14,broken clouds
522,Dillon,US,34.4166,-79.3712,43.66,75,100,9.22,overcast clouds
523,Youghal,IE,51.95,-7.8506,46.09,90,100,7.38,overcast clouds
524,Sakakah,SA,29.9697,40.2064,70.47,37,0,2.91,clear sky
525,El Alto,PE,-4.2714,-81.2147,62.69,85,39,10.74,scattered clouds
526,Sabancuy,MX,18.9667,-91.1833,76.05,81,44,7.81,scattered clouds
527,Houston,US,29.7633,-95.3633,56.88,77,90,1.01,overcast clouds
528,Dukhovshchina,RU,55.1919,32.4111,47.89,94,100,11.81,light rain
529,Southbridge,US,42.0751,-72.0334,36.59,95,7,4.23,clear sky
530,Concordia,AR,-31.393,-58.0209,71.78,88,100,4.0,moderate rain
531,General Roca,AR,-39.0333,-67.5833,51.22,29,0,7.0,clear sky
532,Oksfjord,NO,70.2396,22.3479,39.38,92,100,11.41,overcast clouds
533,Segezha,RU,63.7415,34.3222,43.03,83,100,10.94,overcast clouds
534,Baruun-Urt,MN,46.6806,113.2792,16.43,50,100,17.31,overcast clouds
535,Grindavik,IS,63.8424,-22.4338,41.47,75,40,14.97,scattered clouds
536,Virginia Beach,US,36.8529,-75.978,52.02,65,90,13.8,overcast clouds
537,Roma,US,43.2128,-75.4557,32.43,94,14,1.01,few clouds
538,Yakeshi,CN,49.2833,120.7333,25.77,24,100,13.4,overcast clouds
539,San Juan,AR,-31.5375,-68.5364,51.42,58,100,9.42,overcast clouds
540,Naze,JP,28.3667,129.4833,69.01,59,100,10.47,overcast clouds
541,Sondrio,IT,46.169,9.8692,47.25,97,0,6.98,clear sky
542,Halifax,CA,44.6453,-63.5724,36.7,93,100,3.06,overcast clouds
543,Pacifica,US,37.6138,-122.4869,57.81,89,20,1.99,mist
544,Iracoubo,GF,5.4802,-53.2011,77.59,87,16,9.01,few clouds
545,Sao Filipe,CV,14.8961,-24.4956,78.39,71,70,1.74,broken clouds
546,Barstow,US,34.8986,-117.0228,61.48,54,45,6.58,scattered clouds
547,Palmer,US,42.1584,-72.3287,35.64,89,1,0.0,clear sky
548,Ibra,OM,22.6906,58.5334,83.39,26,5,0.43,clear sky
549,Shenzhen,CN,22.5455,114.0683,83.93,99,28,7.09,scattered clouds
550,Daru,PG,-9.0763,143.2092,81.36,79,54,11.74,broken clouds
551,Port Lincoln,AU,-34.7333,135.8667,70.38,50,100,6.69,light rain
552,Rocha,UY,-34.4833,-54.3333,65.43,89,100,2.19,overcast clouds
553,Samarai,PG,-10.6167,150.6667,83.3,72,16,8.5,few clouds
554,Ust-Kuyga,RU,70.0167,135.6,-10.61,100,96,9.57,overcast clouds
555,Tete,MZ,-16.1564,33.5867,88.43,45,6,7.81,clear sky
556,Kamaishi,JP,39.2667,141.8833,54.88,82,56,6.58,broken clouds
557,San Luis,AR,-33.295,-66.3356,49.03,55,100,5.53,overcast clouds
558,Zelenogorskiy,RU,55.0333,87.0,12.72,89,100,13.76,light snow
559,Santa Cruz Del Norte,CU,23.1539,-81.9236,75.81,78,100,8.68,overcast clouds
560,Mangrol,IN,21.1167,70.1167,87.4,36,100,4.99,overcast clouds
561,Hohhot,CN,40.8106,111.6522,56.71,44,12,7.0,few clouds
562,Boa Vista,BR,2.8197,-60.6733,80.58,69,0,6.91,clear sky
563,Camopi,GF,3.1655,-52.3158,70.84,99,91,2.24,overcast clouds
564,Anadyr,RU,64.75,177.4833,-19.71,99,60,8.77,broken clouds
565,Benicarlo,ES,40.4165,0.4271,52.25,62,100,13.53,overcast clouds
566,Eidfjord,NO,60.4675,7.0719,42.49,99,100,5.44,overcast clouds
567,Mysliborz,PL,52.9238,14.8679,46.81,87,100,17.02,overcast clouds
568,Trogir,HR,43.5125,16.2517,58.57,88,75,5.75,broken clouds
569,Moose Factory,CA,51.2585,-80.6094,31.55,85,38,9.08,scattered clouds
570,Shipunovo,RU,52.1582,82.2173,16.52,79,100,20.33,overcast clouds
571,Vangaindrano,MG,-23.35,47.6,75.67,73,100,10.07,overcast clouds
572,Olafsvik,IS,64.8945,-23.7142,41.97,75,44,19.86,scattered clouds
573,College,US,64.8569,-147.8028,41.32,83,75,0.0,broken clouds
574,Jining,CN,35.405,116.5814,71.24,53,71,9.4,broken clouds
575,Aripuana,BR,-9.1667,-60.6333,71.62,97,100,1.77,overcast clouds
576,Half Moon Bay,US,37.4636,-122.4286,57.31,89,90,8.05,mist
577,Uchiza,PE,-8.4592,-76.4633,69.71,97,100,0.96,overcast clouds
578,Mae Sai,TH,20.4335,99.8762,87.44,66,76,2.48,broken clouds
579,Wanaka,NZ,-44.7,169.15,71.11,35,46,10.0,scattered clouds
580,Joigny,FR,47.9829,3.401,44.82,95,94,5.66,overcast clouds
581,Bar Harbor,US,44.3876,-68.2039,39.97,74,1,1.99,clear sky
582,Nome,US,64.5011,-165.4064,13.1,96,100,6.06,overcast clouds
583,Jizan,SA,17.3333,42.6667,89.89,43,6,3.58,clear sky
584,Aklavik,CA,68.2191,-135.0107,23.72,93,99,5.26,overcast clouds
585,Sikonge,TZ,-5.6333,32.7667,81.77,34,2,8.48,clear sky
586,Kargopol,RU,61.5071,38.9456,40.78,91,100,8.88,light rain
587,Mouzouras,GR,35.5333,24.15,69.8,78,20,0.0,few clouds
588,Puri,IN,19.8,85.85,84.72,56,61,8.37,broken clouds
589,Hovd,MN,48.0056,91.6419,16.27,21,0,1.7,clear sky
590,Pecos,US,31.4229,-103.4932,45.3,87,0,0.0,clear sky
591,Tiznit,MA,29.5833,-9.5,52.36,86,5,2.51,clear sky
592,Dolinsk,RU,47.35,142.8,48.06,89,12,3.15,few clouds
593,Arrifes,PT,37.7667,-25.7,66.45,77,75,19.57,broken clouds
594,Korla,CN,41.7597,86.1469,37.33,17,7,7.34,clear sky
595,Haldia,IN,22.0605,88.1097,83.28,38,10,9.42,clear sky
596,Leninskiy,RU,54.2781,37.4558,48.58,87,100,14.0,light rain
597,Gushikawa,JP,26.3544,127.8686,75.2,59,75,10.36,broken clouds
598,Kaeo,NZ,-35.1,173.7833,63.32,94,85,6.02,overcast clouds
599,Pahrump,US,36.2083,-115.9839,65.1,33,22,1.01,few clouds
600,Alexandria,EG,31.2156,29.9553,74.62,61,0,11.43,clear sky
601,Egvekinot,RU,66.3167,-179.1667,-5.06,83,9,7.54,clear sky
602,Yaan,NG,7.3833,8.5667,77.52,83,96,8.37,overcast clouds
603,Talavera,PH,15.6167,120.9333,87.64,65,100,8.37,overcast clouds
604,Zaria,NG,11.1113,7.7227,77.14,46,91,3.36,overcast clouds
605,Emba,KZ,48.8264,58.1442,33.69,17,2,7.25,clear sky
606,Pozo Colorado,PY,-23.4923,-58.7972,78.51,58,100,2.53,overcast clouds
607,Muros,ES,42.7762,-9.0603,51.98,72,100,9.44,overcast clouds
608,Khash,IR,28.2211,61.2158,70.27,21,0,1.5,clear sky
609,Andros Town,BS,24.7,-77.7667,75.16,77,100,10.16,overcast clouds
610,Ingham,US,42.6,-84.3833,33.75,85,90,3.44,overcast clouds
611,Berbera,SO,10.4396,45.0143,85.46,40,49,4.63,scattered clouds
612,Kalabo,ZM,-14.97,22.6814,77.27,58,85,4.03,overcast clouds
613,Talara,PE,-4.5772,-81.2719,64.81,84,51,10.94,broken clouds
614,Hollola,FI,61.05,25.4333,40.01,98,100,5.64,light rain
615,Verkhovazhye,RU,60.7472,42.0465,41.2,91,100,8.86,overcast clouds
616,Puerto Ayacucho,VE,5.6639,-67.6236,73.9,94,96,3.15,overcast clouds
617,Vanavara,RU,60.34,102.2797,11.86,82,100,14.58,overcast clouds
618,Port-Gentil,GA,-0.7193,8.7815,78.78,85,100,13.65,moderate rain
619,Muscat,OM,23.6139,58.5922,87.82,42,0,7.27,clear sky
620,Tolaga Bay,NZ,-38.3667,178.3,59.2,97,100,5.79,overcast clouds
621,Jiujiang,CN,29.7333,115.9833,68.49,90,100,2.3,light rain
622,Misratah,LY,32.3754,15.0925,77.56,32,6,15.39,clear sky
623,Pringsewu,ID,-5.3582,104.9744,82.04,77,100,0.83,moderate rain
624,Faya,SA,18.3851,42.4509,68.52,20,2,3.65,clear sky
625,Puerto Escondido,MX,15.85,-97.0667,77.0,81,82,4.63,broken clouds
626,Labuhan,ID,-6.8844,112.2051,79.88,83,100,9.8,overcast clouds
627,Olinda,BR,-8.0089,-34.8553,76.73,88,40,4.61,scattered clouds
628,Naryan-Mar,RU,67.6713,53.087,27.79,96,29,2.39,scattered clouds
629,Yekaterinoslavka,RU,50.3734,129.1139,39.9,71,100,6.58,overcast clouds
630,Broken Hill,AU,-31.95,141.4333,82.76,18,27,7.2,scattered clouds
631,Katsuura,JP,35.1333,140.3,68.11,61,0,8.46,clear sky
632,Nurota,UZ,40.5614,65.6886,35.69,27,0,7.27,clear sky
633,Santa Cruz De La Palma,ES,28.6835,-17.7642,69.13,94,90,14.97,overcast clouds
634,Alice Springs,AU,-23.7,133.8833,94.55,24,100,10.36,overcast clouds
635,Orange,US,33.7,-117.7675,70.68,76,90,0.0,mist
636,Kemin,KG,42.7846,75.6892,29.41,93,0,2.75,clear sky
637,Alghero,IT,40.5589,8.3181,53.69,94,20,3.44,light rain
638,Batagay-Alyta,RU,67.8006,130.4114,-11.74,88,67,6.06,broken clouds
639,Mudgal,IN,16.0167,76.4333,84.0,52,43,11.25,scattered clouds
640,Grand Gaube,MU,-20.0064,57.6608,76.86,81,13,8.52,few clouds
641,Manakara,MG,-22.1333,48.0167,74.26,92,100,8.39,light rain
642,Passo Fundo,BR,-28.2628,-52.4067,61.79,86,0,5.37,clear sky
643,Doha,QA,25.2867,51.5333,85.98,54,0,4.61,haze
644,Owando,CG,-0.4819,15.8999,78.98,75,79,2.28,broken clouds
645,Varia,FR,44.5725,-0.1104,45.05,89,58,5.28,broken clouds
646,Huarmey,PE,-10.0681,-78.1522,63.72,88,100,8.43,overcast clouds
647,Sumbe,AO,-11.2061,13.8437,76.46,83,91,4.85,overcast clouds
648,Keetmanshoop,NA,-26.5833,18.1333,72.36,25,13,12.08,few clouds
649,Cabedelo,BR,-6.9811,-34.8339,75.87,80,95,8.43,overcast clouds
650,San Vicente,AR,-26.6167,-54.1333,64.67,97,0,2.15,clear sky
651,Kupang,ID,-10.1667,123.5833,82.98,89,75,4.61,broken clouds
652,Borogontsy,RU,62.6683,131.1683,20.61,96,100,4.9,light snow
653,Tilichiki,RU,60.4667,166.1,8.38,98,76,6.4,broken clouds
654,Priladozhskiy,RU,59.85,31.4833,46.62,61,100,14.32,light rain
655,Puerto Leguizamo,CO,-0.1934,-74.7819,71.42,99,100,1.79,overcast clouds
656,Atambua,ID,-9.1061,124.8925,86.04,58,100,2.57,overcast clouds
657,Kaduy,RU,59.2,37.15,42.84,88,100,11.01,light rain
658,Guantanamo,CU,20.1444,-75.2092,76.57,91,13,3.49,few clouds
659,Belmonte,BR,-15.8631,-38.8828,73.9,94,100,5.79,overcast clouds
660,Hvolsvollur,IS,63.7533,-20.2243,38.8,76,100,4.45,overcast clouds
661,Sabang,ID,5.8933,95.3214,81.39,78,84,10.25,light rain
662,Tieli,CN,46.95,128.05,51.44,61,100,4.99,overcast clouds
663,Kewanee,US,41.2456,-89.9248,36.48,71,4,7.49,clear sky
664,Humboldt,US,40.6665,-123.9178,45.14,98,100,2.3,overcast clouds
665,Mackenzie,CA,55.2999,-123.1698,37.62,100,90,2.3,mist
666,Coahuayana,MX,18.7333,-103.6833,74.73,92,100,3.53,overcast clouds
667,Kantunilkin,MX,21.0917,-87.45,71.44,99,100,2.21,overcast clouds
668,Manaure,CO,11.7751,-72.4445,79.61,77,7,8.77,clear sky
669,Seoni Malwa,IN,22.45,77.4667,82.36,41,16,4.5,few clouds
670,Seymchan,RU,62.8833,152.4333,-0.51,97,45,1.36,scattered clouds
671,Qasigiannguit,GL,68.8193,-51.1922,25.05,89,100,6.17,overcast clouds
672,Erzin,TR,36.9559,36.2,63.32,29,0,1.41,clear sky
673,Ekhabi,RU,53.5102,142.9671,31.48,86,16,2.68,few clouds
674,Belyy Yar,RU,53.6039,91.3903,18.86,57,0,11.18,clear sky
675,Koregaon,IN,18.65,74.0833,85.71,46,100,8.21,overcast clouds
676,Candido De Abreu,BR,-24.5669,-51.3333,62.94,93,4,2.57,clear sky
677,Tambopata,PE,-12.7333,-69.1833,69.82,99,99,2.48,overcast clouds
678,Khromtau,KZ,50.2503,58.4347,30.7,18,97,11.72,overcast clouds
679,Dyersburg,US,36.0345,-89.3856,38.89,80,1,3.44,clear sky
680,Bartica,GY,6.4,-58.6167,73.72,99,52,1.05,broken clouds
681,Namtsy,RU,62.7161,129.6658,5.11,94,100,11.65,light snow
682,Katangli,RU,51.7102,143.2326,36.72,82,21,5.01,few clouds
